quote_ref,customer_id,package_code,branch_name,consultant_name,supplier_booking_ref,rekey_status,flight_and_hotel_summary,total_price_gbp,branch_commission_gbp,ancillaries_attached,next_branch_action
QT-MAID-901,CUST-101,B629C,Maidenhead,Rachel (Branch Manager),PO-CCS-62910,Pending_Screenshot_AutoFill,LGW-TFS 14 Nov | P&O Arvia Cabin B-12404 (Deck 12 Mid-Ship Balcony) + Hotel Riu Palace Tenerife 5*,6140.0,1338.52,"Pending: Gatwick Parking (£98) + Lounge (£76) + €1,200 Sunny Spend FX",Drop supplier booking confirmation screenshot to auto-fill iSell in 1 click (saves 10 mins manual typing)
QT-MAID-902,CUST-102,FAM-TOR-402,Maidenhead,Chloe (Apprentice Consultant),JET2-884920,Quote_Sent_48Hr_FollowUp_Due,LGW-AGP LS1409 | Sol Principe Torremolinos 4* (Interconnecting Pool-View Family Rooms + Splash Park),3240.0,680.4,Pending: Family Fast-Track + €800 Sunny Spend FX,Send 48-hour WhatsApp/Email quote follow-up & confirm Vista £150 price saving with Emma Miller
QT-MAID-903,CUST-103,CRU-IONA-510,Maidenhead,Chloe (Apprentice Consultant),PO-CCS-77104,Pending_Accessible_Cabin_Check,Southampton Roundtrip | P&O Iona Deck 11 Accessible Balcony (72cm doorway + roll-in wet room),4550.0,955.5,CPS Southampton Valet Parking (£105) Attached,Confirm 72cm mobility scooter doorway clearance & complete iSell booking
QT-MAID-904,CUST-104,FAM-HLK-902,Maidenhead,Sam (Senior Consultant),VISTA-99201,Quote_Sent_48Hr_FollowUp_Due,LHR-SKG BA632 | Ikos Olivia 5* Deluxe 2-Bed Bungalow + Dine-Out Programme,7650.0,1713.6,"Heathrow Lounge + €1,500 Sunny Spend FX Attached",Call Priya Patel to lock in complimentary Ikos Dine-Out restaurant reservations
QT-MAID-905,CUST-105,ADU-LNZ-308,Maidenhead,Rachel (Branch Manager),EZY-551902,Auto_Filled_In_iSell,LGW-ACE EZY8623 | Secrets Lanzarote 5* Preferred Club Swim-Up Suite,2760.0,593.4,Gatwick Lounge + €750 Sunny Spend FX Attached,Check-In Monday: Auto-generate boarding passes & send digital wallet pack
QT-MAID-906,CUST-106,PKG-HT-211,Maidenhead,Rachel (Branch Manager),SUP-700006,Auto_Filled_In_iSell,LGW Departure | Resort Package PKG-HT-211 (7 Nights),3050.0,655.75,Parking + Sunny Spend FX Attached,Ready for Check-In Monday
QT-MAID-907,CUST-107,PKG-HT-212,Maidenhead,Chloe (Apprentice Consultant),SUP-700007,Quote_Sent_48Hr_FollowUp_Due,LGW Departure | Resort Package PKG-HT-212 (10 Nights),3125.0,671.88,Pending Holiday Extras Attach,48-Hour Quote Follow-Up Due
QT-MAID-908,CUST-108,PKG-HT-213,Sunderland,Sam (Senior Consultant),SUP-700008,Auto_Filled_In_iSell,LGW Departure | Resort Package PKG-HT-213 (7 Nights),3200.0,688.0,Parking + Sunny Spend FX Attached,Ready for Check-In Monday
QT-MAID-909,CUST-109,PKG-HT-214,Maidenhead,Rachel (Branch Manager),SUP-700009,Quote_Sent_48Hr_FollowUp_Due,LGW Departure | Resort Package PKG-HT-214 (10 Nights),3275.0,704.12,Pending Holiday Extras Attach,48-Hour Quote Follow-Up Due
QT-MAID-910,CUST-110,PKG-HT-215,Maidenhead,Chloe (Apprentice Consultant),SUP-700010,Auto_Filled_In_iSell,LGW Departure | Resort Package PKG-HT-215 (7 Nights),3350.0,720.25,Parking + Sunny Spend FX Attached,Ready for Check-In Monday
QT-MAID-911,CUST-111,PKG-HT-216,Maidenhead,Sam (Senior Consultant),SUP-700011,Quote_Sent_48Hr_FollowUp_Due,LGW Departure | Resort Package PKG-HT-216 (10 Nights),3425.0,736.38,Pending Holiday Extras Attach,48-Hour Quote Follow-Up Due
QT-MAID-912,CUST-112,PKG-HT-217,Sunderland,Rachel (Branch Manager),SUP-700012,Auto_Filled_In_iSell,LGW Departure | Resort Package PKG-HT-217 (7 Nights),3500.0,752.5,Parking + Sunny Spend FX Attached,Ready for Check-In Monday
QT-MAID-913,CUST-113,PKG-HT-218,Maidenhead,Chloe (Apprentice Consultant),SUP-700013,Quote_Sent_48Hr_FollowUp_Due,LGW Departure | Resort Package PKG-HT-218 (10 Nights),3575.0,768.62,Pending Holiday Extras Attach,48-Hour Quote Follow-Up Due
QT-MAID-914,CUST-114,PKG-HT-219,Maidenhead,Sam (Senior Consultant),SUP-700014,Auto_Filled_In_iSell,LGW Departure | Resort Package PKG-HT-219 (7 Nights),3650.0,784.75,Parking + Sunny Spend FX Attached,Ready for Check-In Monday
QT-MAID-915,CUST-115,PKG-HT-220,Maidenhead,Rachel (Branch Manager),SUP-700015,Quote_Sent_48Hr_FollowUp_Due,LGW Departure | Resort Package PKG-HT-220 (10 Nights),3725.0,800.88,Pending Holiday Extras Attach,48-Hour Quote Follow-Up Due
QT-MAID-916,CUST-116,PKG-HT-221,Sunderland,Chloe (Apprentice Consultant),SUP-700016,Auto_Filled_In_iSell,LGW Departure | Resort Package PKG-HT-221 (7 Nights),3800.0,817.0,Parking + Sunny Spend FX Attached,Ready for Check-In Monday
QT-MAID-917,CUST-117,PKG-HT-222,Maidenhead,Sam (Senior Consultant),SUP-700017,Quote_Sent_48Hr_FollowUp_Due,LGW Departure | Resort Package PKG-HT-222 (10 Nights),3875.0,833.12,Pending Holiday Extras Attach,48-Hour Quote Follow-Up Due
QT-MAID-918,CUST-118,PKG-HT-223,Maidenhead,Rachel (Branch Manager),SUP-700018,Auto_Filled_In_iSell,LGW Departure | Resort Package PKG-HT-223 (7 Nights),3950.0,849.25,Parking + Sunny Spend FX Attached,Ready for Check-In Monday
QT-MAID-919,CUST-119,PKG-HT-224,Maidenhead,Chloe (Apprentice Consultant),SUP-700019,Quote_Sent_48Hr_FollowUp_Due,LGW Departure | Resort Package PKG-HT-224 (10 Nights),4025.0,865.38,Pending Holiday Extras Attach,48-Hour Quote Follow-Up Due
QT-MAID-920,CUST-120,PKG-HT-225,Sunderland,Sam (Senior Consultant),SUP-700020,Auto_Filled_In_iSell,LGW Departure | Resort Package PKG-HT-225 (7 Nights),4100.0,881.5,Parking + Sunny Spend FX Attached,Ready for Check-In Monday
QT-MAID-921,CUST-121,PKG-HT-226,Maidenhead,Rachel (Branch Manager),SUP-700021,Quote_Sent_48Hr_FollowUp_Due,LGW Departure | Resort Package PKG-HT-226 (10 Nights),4175.0,897.62,Pending Holiday Extras Attach,48-Hour Quote Follow-Up Due
QT-MAID-922,CUST-122,PKG-HT-227,Maidenhead,Chloe (Apprentice Consultant),SUP-700022,Auto_Filled_In_iSell,LGW Departure | Resort Package PKG-HT-227 (7 Nights),4250.0,913.75,Parking + Sunny Spend FX Attached,Ready for Check-In Monday
QT-MAID-923,CUST-123,PKG-HT-228,Maidenhead,Sam (Senior Consultant),SUP-700023,Quote_Sent_48Hr_FollowUp_Due,LGW Departure | Resort Package PKG-HT-228 (10 Nights),4325.0,929.88,Pending Holiday Extras Attach,48-Hour Quote Follow-Up Due
QT-MAID-924,CUST-124,PKG-HT-229,Sunderland,Rachel (Branch Manager),SUP-700024,Auto_Filled_In_iSell,LGW Departure | Resort Package PKG-HT-229 (7 Nights),4400.0,946.0,Parking + Sunny Spend FX Attached,Ready for Check-In Monday
QT-MAID-925,CUST-125,PKG-HT-230,Maidenhead,Chloe (Apprentice Consultant),SUP-700025,Quote_Sent_48Hr_FollowUp_Due,LGW Departure | Resort Package PKG-HT-230 (10 Nights),4475.0,962.12,Pending Holiday Extras Attach,48-Hour Quote Follow-Up Due
QT-MAID-926,CUST-126,PKG-HT-231,Maidenhead,Sam (Senior Consultant),SUP-700026,Auto_Filled_In_iSell,LGW Departure | Resort Package PKG-HT-231 (7 Nights),4550.0,978.25,Parking + Sunny Spend FX Attached,Ready for Check-In Monday
QT-MAID-927,CUST-127,PKG-HT-232,Maidenhead,Rachel (Branch Manager),SUP-700027,Quote_Sent_48Hr_FollowUp_Due,LGW Departure | Resort Package PKG-HT-232 (10 Nights),4625.0,994.38,Pending Holiday Extras Attach,48-Hour Quote Follow-Up Due
QT-MAID-928,CUST-128,PKG-HT-233,Sunderland,Chloe (Apprentice Consultant),SUP-700028,Auto_Filled_In_iSell,LGW Departure | Resort Package PKG-HT-233 (7 Nights),4700.0,1010.5,Parking + Sunny Spend FX Attached,Ready for Check-In Monday
QT-MAID-929,CUST-129,PKG-HT-234,Maidenhead,Sam (Senior Consultant),SUP-700029,Quote_Sent_48Hr_FollowUp_Due,LGW Departure | Resort Package PKG-HT-234 (10 Nights),4775.0,1026.62,Pending Holiday Extras Attach,48-Hour Quote Follow-Up Due
QT-MAID-930,CUST-130,PKG-HT-235,Maidenhead,Rachel (Branch Manager),SUP-700030,Auto_Filled_In_iSell,LGW Departure | Resort Package PKG-HT-235 (7 Nights),4850.0,1042.75,Parking + Sunny Spend FX Attached,Ready for Check-In Monday
QT-MAID-931,CUST-131,PKG-HT-236,Maidenhead,Chloe (Apprentice Consultant),SUP-700031,Quote_Sent_48Hr_FollowUp_Due,LGW Departure | Resort Package PKG-HT-236 (10 Nights),4925.0,1058.88,Pending Holiday Extras Attach,48-Hour Quote Follow-Up Due
QT-MAID-932,CUST-132,PKG-HT-237,Sunderland,Sam (Senior Consultant),SUP-700032,Auto_Filled_In_iSell,LGW Departure | Resort Package PKG-HT-237 (7 Nights),5000.0,1075.0,Parking + Sunny Spend FX Attached,Ready for Check-In Monday
QT-MAID-933,CUST-133,PKG-HT-238,Maidenhead,Rachel (Branch Manager),SUP-700033,Quote_Sent_48Hr_FollowUp_Due,LGW Departure | Resort Package PKG-HT-238 (10 Nights),5075.0,1091.12,Pending Holiday Extras Attach,48-Hour Quote Follow-Up Due
QT-MAID-934,CUST-134,PKG-HT-239,Maidenhead,Chloe (Apprentice Consultant),SUP-700034,Auto_Filled_In_iSell,LGW Departure | Resort Package PKG-HT-239 (7 Nights),5150.0,1107.25,Parking + Sunny Spend FX Attached,Ready for Check-In Monday
QT-MAID-935,CUST-135,PKG-HT-240,Maidenhead,Sam (Senior Consultant),SUP-700035,Quote_Sent_48Hr_FollowUp_Due,LGW Departure | Resort Package PKG-HT-240 (10 Nights),5225.0,1123.38,Pending Holiday Extras Attach,48-Hour Quote Follow-Up Due
QT-MAID-936,CUST-136,PKG-HT-241,Sunderland,Rachel (Branch Manager),SUP-700036,Auto_Filled_In_iSell,LGW Departure | Resort Package PKG-HT-241 (7 Nights),5300.0,1139.5,Parking + Sunny Spend FX Attached,Ready for Check-In Monday
QT-MAID-937,CUST-137,PKG-HT-242,Maidenhead,Chloe (Apprentice Consultant),SUP-700037,Quote_Sent_48Hr_FollowUp_Due,LGW Departure | Resort Package PKG-HT-242 (10 Nights),5375.0,1155.62,Pending Holiday Extras Attach,48-Hour Quote Follow-Up Due
QT-MAID-938,CUST-138,PKG-HT-243,Maidenhead,Sam (Senior Consultant),SUP-700038,Auto_Filled_In_iSell,LGW Departure | Resort Package PKG-HT-243 (7 Nights),5450.0,1171.75,Parking + Sunny Spend FX Attached,Ready for Check-In Monday
QT-MAID-939,CUST-139,PKG-HT-244,Maidenhead,Rachel (Branch Manager),SUP-700039,Quote_Sent_48Hr_FollowUp_Due,LGW Departure | Resort Package PKG-HT-244 (10 Nights),5525.0,1187.88,Pending Holiday Extras Attach,48-Hour Quote Follow-Up Due
QT-MAID-940,CUST-140,PKG-HT-245,Sunderland,Chloe (Apprentice Consultant),SUP-700040,Auto_Filled_In_iSell,LGW Departure | Resort Package PKG-HT-245 (7 Nights),5600.0,1204.0,Parking + Sunny Spend FX Attached,Ready for Check-In Monday
QT-MAID-941,CUST-141,PKG-HT-246,Maidenhead,Sam (Senior Consultant),SUP-700041,Quote_Sent_48Hr_FollowUp_Due,LGW Departure | Resort Package PKG-HT-246 (10 Nights),5675.0,1220.12,Pending Holiday Extras Attach,48-Hour Quote Follow-Up Due
QT-MAID-942,CUST-142,PKG-HT-247,Maidenhead,Rachel (Branch Manager),SUP-700042,Auto_Filled_In_iSell,LGW Departure | Resort Package PKG-HT-247 (7 Nights),5750.0,1236.25,Parking + Sunny Spend FX Attached,Ready for Check-In Monday
QT-MAID-943,CUST-143,PKG-HT-248,Maidenhead,Chloe (Apprentice Consultant),SUP-700043,Quote_Sent_48Hr_FollowUp_Due,LGW Departure | Resort Package PKG-HT-248 (10 Nights),5825.0,1252.38,Pending Holiday Extras Attach,48-Hour Quote Follow-Up Due
QT-MAID-944,CUST-144,PKG-HT-249,Sunderland,Sam (Senior Consultant),SUP-700044,Auto_Filled_In_iSell,LGW Departure | Resort Package PKG-HT-249 (7 Nights),5900.0,1268.5,Parking + Sunny Spend FX Attached,Ready for Check-In Monday
QT-MAID-945,CUST-145,PKG-HT-250,Maidenhead,Rachel (Branch Manager),SUP-700045,Quote_Sent_48Hr_FollowUp_Due,LGW Departure | Resort Package PKG-HT-250 (10 Nights),5975.0,1284.62,Pending Holiday Extras Attach,48-Hour Quote Follow-Up Due
QT-MAID-946,CUST-146,PKG-HT-206,Maidenhead,Chloe (Apprentice Consultant),SUP-700046,Auto_Filled_In_iSell,LGW Departure | Resort Package PKG-HT-206 (7 Nights),6050.0,1300.75,Parking + Sunny Spend FX Attached,Ready for Check-In Monday
QT-MAID-947,CUST-147,PKG-HT-207,Maidenhead,Sam (Senior Consultant),SUP-700047,Quote_Sent_48Hr_FollowUp_Due,LGW Departure | Resort Package PKG-HT-207 (10 Nights),6125.0,1316.88,Pending Holiday Extras Attach,48-Hour Quote Follow-Up Due
QT-MAID-948,CUST-148,PKG-HT-208,Sunderland,Rachel (Branch Manager),SUP-700048,Auto_Filled_In_iSell,LGW Departure | Resort Package PKG-HT-208 (7 Nights),6200.0,1333.0,Parking + Sunny Spend FX Attached,Ready for Check-In Monday
QT-MAID-949,CUST-149,PKG-HT-209,Maidenhead,Chloe (Apprentice Consultant),SUP-700049,Quote_Sent_48Hr_FollowUp_Due,LGW Departure | Resort Package PKG-HT-209 (10 Nights),6275.0,1349.12,Pending Holiday Extras Attach,48-Hour Quote Follow-Up Due
QT-MAID-950,CUST-150,PKG-HT-210,Maidenhead,Sam (Senior Consultant),SUP-700050,Auto_Filled_In_iSell,LGW Departure | Resort Package PKG-HT-210 (7 Nights),6350.0,1365.25,Parking + Sunny Spend FX Attached,Ready for Check-In Monday
QT-MAID-951,CUST-101,PKG-HT-211,Maidenhead,Rachel (Branch Manager),SUP-700051,Quote_Sent_48Hr_FollowUp_Due,LGW Departure | Resort Package PKG-HT-211 (10 Nights),6425.0,1381.38,Pending Holiday Extras Attach,48-Hour Quote Follow-Up Due
QT-MAID-952,CUST-102,PKG-HT-212,Sunderland,Chloe (Apprentice Consultant),SUP-700052,Auto_Filled_In_iSell,LGW Departure | Resort Package PKG-HT-212 (7 Nights),6500.0,1397.5,Parking + Sunny Spend FX Attached,Ready for Check-In Monday
QT-MAID-953,CUST-103,PKG-HT-213,Maidenhead,Sam (Senior Consultant),SUP-700053,Quote_Sent_48Hr_FollowUp_Due,LGW Departure | Resort Package PKG-HT-213 (10 Nights),6575.0,1413.62,Pending Holiday Extras Attach,48-Hour Quote Follow-Up Due
QT-MAID-954,CUST-104,PKG-HT-214,Maidenhead,Rachel (Branch Manager),SUP-700054,Auto_Filled_In_iSell,LGW Departure | Resort Package PKG-HT-214 (7 Nights),6650.0,1429.75,Parking + Sunny Spend FX Attached,Ready for Check-In Monday
QT-MAID-955,CUST-105,PKG-HT-215,Maidenhead,Chloe (Apprentice Consultant),SUP-700055,Quote_Sent_48Hr_FollowUp_Due,LGW Departure | Resort Package PKG-HT-215 (10 Nights),6725.0,1445.88,Pending Holiday Extras Attach,48-Hour Quote Follow-Up Due
