package_code,holiday_type,destination,ship_or_resort_name,departure_airport_or_port,duration_nights,room_or_cabin_highlights,veteran_tribal_tip,standard_supplier_name,standard_supplier_price_gbp,standard_commission_gbp,vista_inhouse_price_gbp,vista_branch_commission_gbp,extra_branch_commission_gbp,recommended_add_ons
B629C,Cruise & Stay,"Canary Islands, Madeira & Tenerife",P&O Arvia + Hotel Riu Palace Tenerife 5* (Costa Adeje),Southampton / London Gatwick,14,"Deck 12 Mid-Ship Balcony Deluxe (Cabin B-12404 — unobstructed sea view, 30m to central lifts, gluten-free main dining)",VETERAN TIP: Avoid Deck 8 cabins 8201-8245 on Arvia because the Promenade hot tubs and lifeboats overlook the balcony. Deck 12 Mid-Ship gives total privacy and easy lift access!,TUI,6290.0,660.45,6140.0,1338.52,678.07,"Gatwick North Meet & Greet Parking (£98) + No1 Lounge (£76) + €1,200 Sunny Spend FX Card"
FAM-TOR-402,Family Beach,"Torremolinos, Costa del Sol (Spain)",Sol Principe Torremolinos 4* (Playamar Beachfront),London Gatwick / Heathrow,7,Guaranteed Interconnecting Family Rooms (Pool View) + Caribbean Lagoon Splash Park + Nut-Free Kids Buffet,"VETERAN TIP: When families ask for Marbella, warn them Marbella beaches are stony and steep! Recommend Torremolinos (Playamar) here instead—flat promenade, wide soft sand, and direct beach access.",Jet2holidays,3390.0,339.0,3240.0,680.4,341.4,Gatwick Family Fast-Track + Meet & Greet Parking (£115) + €800 Sunny Spend FX Card
CRU-IONA-510,Accessible Cruise,"Norwegian Fjords (Stavanger, Olden, Geiranger, Haugesund)",P&O Iona (Roundtrip Southampton),Southampton (No-Fly),7,"Full Accessible Balcony Cabin (Deck 11 Mid-Ship — 72cm wide automatic doorway, roll-in wet room with grab rails, turning circle for mobility scooter)",VETERAN TIP: Standard cabins on Iona only have a 58cm bathroom step-up doorway—always book designated Accessible Deck 11 Mid-Ship cabins for mobility scooters and pre-book Olden step-free Briksdal coaching.,P&O Direct,4680.0,468.0,4550.0,955.5,487.5,CPS Southampton Valet Port Parking (£105) + NOK/EUR Sunny Spend Card
FAM-HLK-902,Family Luxury Beach,"Halkidiki, Greece",Ikos Olivia 5* Deluxe All-Inclusive (Gerakini Gulf),London Heathrow / Gatwick,10,Deluxe Two-Bedroom Family Bungalow Suite with Swim-Up Pool & Private Beach Childcare,VETERAN TIP: Book the Dine-Out local restaurant programme at the same time as the room—it is included free in Deluxe All-Inclusive and sells out 6 weeks before departure.,TUI,7890.0,789.0,7650.0,1713.6,924.6,"Heathrow T5 Plaza Premium Lounge (£110) + Private Mercedes Transfer + €1,500 Sunny Spend FX"
ADU-LNZ-308,Adult Winter Sun,"Playa Blanca, Lanzarote (Canary Islands)",Secrets Lanzarote Resort & Spa 5* (Adults Only),London Gatwick / Luton,7,Preferred Club Ocean-View Swim-Up Suite + Heated Outdoor Pools + Late A-La-Carte Dining,"VETERAN TIP: Playa Blanca in the south is sheltered from the northern trade winds in November–February, making it 3–4°C warmer by the pool than Costa Teguise.",easyJet Holidays,2890.0,289.0,2760.0,593.4,304.4,Gatwick North Lounge (£72) + €750 Sunny Spend FX Card
PKG-HT-206,Family Beach,"Palma Nova, Majorca",Fergus Style Tobago 5*,London Gatwick / Manchester,7,Flat soft-sand bay ideal for toddlers; walk-in shower rooms,VETERAN TIP: Switch to our in-house Vista package here—saves the customer £140 and doubles branch commission with ATOL protection included.,Jet2holidays,2970.0,311.85,2830.0,608.45,296.6,Airport Parking (£95) + Airport Lounge (£72) + Sunny Spend FX Card
PKG-HT-207,Cruise & Stay,"Paphos, Cyprus",Elysium Beach Resort 5*,London Gatwick / Manchester,10,Year-round warm sunshine; ground-floor garden villas with step-free terrace,VETERAN TIP: Switch to our in-house Vista package here—saves the customer £140 and doubles branch commission with ATOL protection included.,TUI,3065.0,321.82,2925.0,628.88,307.06,Airport Parking (£95) + Airport Lounge (£72) + Sunny Spend FX Card
PKG-HT-208,Cruise & Stay,"Barbados, Caribbean",P&O Arvia 14N Caribbean Fly-Cruise,London Gatwick / Manchester,7,Mid-ship Conservatory Mini-Suite; direct charter flight from Gatwick,VETERAN TIP: Switch to our in-house Vista package here—saves the customer £140 and doubles branch commission with ATOL protection included.,Jet2holidays,3160.0,331.8,3020.0,649.3,317.5,Airport Parking (£95) + Airport Lounge (£72) + Sunny Spend FX Card
PKG-HT-209,Family Luxury Beach,"Rhodes, Greece",Atrium Palace Thalasso Spa 5*,London Gatwick / Manchester,10,Calm sheltered Kalathos bay; swim-up family junior suites,VETERAN TIP: Switch to our in-house Vista package here—saves the customer £140 and doubles branch commission with ATOL protection included.,TUI,3255.0,341.77,3115.0,669.73,327.96,Airport Parking (£95) + Airport Lounge (£72) + Sunny Spend FX Card
PKG-HT-210,Family Beach,"Tenerife, Canary Islands",Iberostar Selection Anthelia 5*,London Gatwick / Manchester,7,Soft dark volcanic sand at Fanabe beach; interconnecting superior rooms,VETERAN TIP: Switch to our in-house Vista package here—saves the customer £140 and doubles branch commission with ATOL protection included.,Jet2holidays,3350.0,351.75,3210.0,690.15,338.4,Airport Parking (£95) + Airport Lounge (£72) + Sunny Spend FX Card
PKG-HT-211,Family Beach,"Palma Nova, Majorca",Fergus Style Tobago 5*,London Gatwick / Manchester,10,Flat soft-sand bay ideal for toddlers; walk-in shower rooms,VETERAN TIP: Switch to our in-house Vista package here—saves the customer £140 and doubles branch commission with ATOL protection included.,TUI,3445.0,361.72,3305.0,710.58,348.86,Airport Parking (£95) + Airport Lounge (£72) + Sunny Spend FX Card
PKG-HT-212,Cruise & Stay,"Paphos, Cyprus",Elysium Beach Resort 5*,London Gatwick / Manchester,7,Year-round warm sunshine; ground-floor garden villas with step-free terrace,VETERAN TIP: Switch to our in-house Vista package here—saves the customer £140 and doubles branch commission with ATOL protection included.,Jet2holidays,3540.0,371.7,3400.0,731.0,359.3,Airport Parking (£95) + Airport Lounge (£72) + Sunny Spend FX Card
PKG-HT-213,Cruise & Stay,"Barbados, Caribbean",P&O Arvia 14N Caribbean Fly-Cruise,London Gatwick / Manchester,10,Mid-ship Conservatory Mini-Suite; direct charter flight from Gatwick,VETERAN TIP: Switch to our in-house Vista package here—saves the customer £140 and doubles branch commission with ATOL protection included.,TUI,3635.0,381.68,3495.0,751.42,369.74,Airport Parking (£95) + Airport Lounge (£72) + Sunny Spend FX Card
PKG-HT-214,Family Luxury Beach,"Rhodes, Greece",Atrium Palace Thalasso Spa 5*,London Gatwick / Manchester,7,Calm sheltered Kalathos bay; swim-up family junior suites,VETERAN TIP: Switch to our in-house Vista package here—saves the customer £140 and doubles branch commission with ATOL protection included.,Jet2holidays,3730.0,391.65,3590.0,771.85,380.2,Airport Parking (£95) + Airport Lounge (£72) + Sunny Spend FX Card
PKG-HT-215,Family Beach,"Tenerife, Canary Islands",Iberostar Selection Anthelia 5*,London Gatwick / Manchester,10,Soft dark volcanic sand at Fanabe beach; interconnecting superior rooms,VETERAN TIP: Switch to our in-house Vista package here—saves the customer £140 and doubles branch commission with ATOL protection included.,TUI,3825.0,401.62,3685.0,792.27,390.65,Airport Parking (£95) + Airport Lounge (£72) + Sunny Spend FX Card
PKG-HT-216,Family Beach,"Palma Nova, Majorca",Fergus Style Tobago 5*,London Gatwick / Manchester,7,Flat soft-sand bay ideal for toddlers; walk-in shower rooms,VETERAN TIP: Switch to our in-house Vista package here—saves the customer £140 and doubles branch commission with ATOL protection included.,Jet2holidays,3920.0,411.6,3780.0,812.7,401.1,Airport Parking (£95) + Airport Lounge (£72) + Sunny Spend FX Card
PKG-HT-217,Cruise & Stay,"Paphos, Cyprus",Elysium Beach Resort 5*,London Gatwick / Manchester,10,Year-round warm sunshine; ground-floor garden villas with step-free terrace,VETERAN TIP: Switch to our in-house Vista package here—saves the customer £140 and doubles branch commission with ATOL protection included.,TUI,4015.0,421.57,3875.0,833.12,411.55,Airport Parking (£95) + Airport Lounge (£72) + Sunny Spend FX Card
PKG-HT-218,Cruise & Stay,"Barbados, Caribbean",P&O Arvia 14N Caribbean Fly-Cruise,London Gatwick / Manchester,7,Mid-ship Conservatory Mini-Suite; direct charter flight from Gatwick,VETERAN TIP: Switch to our in-house Vista package here—saves the customer £140 and doubles branch commission with ATOL protection included.,Jet2holidays,4110.0,431.55,3970.0,853.55,422.0,Airport Parking (£95) + Airport Lounge (£72) + Sunny Spend FX Card
PKG-HT-219,Family Luxury Beach,"Rhodes, Greece",Atrium Palace Thalasso Spa 5*,London Gatwick / Manchester,10,Calm sheltered Kalathos bay; swim-up family junior suites,VETERAN TIP: Switch to our in-house Vista package here—saves the customer £140 and doubles branch commission with ATOL protection included.,TUI,4205.0,441.52,4065.0,873.98,432.46,Airport Parking (£95) + Airport Lounge (£72) + Sunny Spend FX Card
PKG-HT-220,Family Beach,"Tenerife, Canary Islands",Iberostar Selection Anthelia 5*,London Gatwick / Manchester,7,Soft dark volcanic sand at Fanabe beach; interconnecting superior rooms,VETERAN TIP: Switch to our in-house Vista package here—saves the customer £140 and doubles branch commission with ATOL protection included.,Jet2holidays,4300.0,451.5,4160.0,894.4,442.9,Airport Parking (£95) + Airport Lounge (£72) + Sunny Spend FX Card
PKG-HT-221,Family Beach,"Palma Nova, Majorca",Fergus Style Tobago 5*,London Gatwick / Manchester,10,Flat soft-sand bay ideal for toddlers; walk-in shower rooms,VETERAN TIP: Switch to our in-house Vista package here—saves the customer £140 and doubles branch commission with ATOL protection included.,TUI,4395.0,461.47,4255.0,914.82,453.35,Airport Parking (£95) + Airport Lounge (£72) + Sunny Spend FX Card
PKG-HT-222,Cruise & Stay,"Paphos, Cyprus",Elysium Beach Resort 5*,London Gatwick / Manchester,7,Year-round warm sunshine; ground-floor garden villas with step-free terrace,VETERAN TIP: Switch to our in-house Vista package here—saves the customer £140 and doubles branch commission with ATOL protection included.,Jet2holidays,4490.0,471.45,4350.0,935.25,463.8,Airport Parking (£95) + Airport Lounge (£72) + Sunny Spend FX Card
PKG-HT-223,Cruise & Stay,"Barbados, Caribbean",P&O Arvia 14N Caribbean Fly-Cruise,London Gatwick / Manchester,10,Mid-ship Conservatory Mini-Suite; direct charter flight from Gatwick,VETERAN TIP: Switch to our in-house Vista package here—saves the customer £140 and doubles branch commission with ATOL protection included.,TUI,4585.0,481.42,4445.0,955.67,474.25,Airport Parking (£95) + Airport Lounge (£72) + Sunny Spend FX Card
PKG-HT-224,Family Luxury Beach,"Rhodes, Greece",Atrium Palace Thalasso Spa 5*,London Gatwick / Manchester,7,Calm sheltered Kalathos bay; swim-up family junior suites,VETERAN TIP: Switch to our in-house Vista package here—saves the customer £140 and doubles branch commission with ATOL protection included.,Jet2holidays,4680.0,491.4,4540.0,976.1,484.7,Airport Parking (£95) + Airport Lounge (£72) + Sunny Spend FX Card
PKG-HT-225,Family Beach,"Tenerife, Canary Islands",Iberostar Selection Anthelia 5*,London Gatwick / Manchester,10,Soft dark volcanic sand at Fanabe beach; interconnecting superior rooms,VETERAN TIP: Switch to our in-house Vista package here—saves the customer £140 and doubles branch commission with ATOL protection included.,TUI,4775.0,501.38,4635.0,996.52,495.14,Airport Parking (£95) + Airport Lounge (£72) + Sunny Spend FX Card
PKG-HT-226,Family Beach,"Palma Nova, Majorca",Fergus Style Tobago 5*,London Gatwick / Manchester,7,Flat soft-sand bay ideal for toddlers; walk-in shower rooms,VETERAN TIP: Switch to our in-house Vista package here—saves the customer £140 and doubles branch commission with ATOL protection included.,Jet2holidays,4870.0,511.35,4730.0,1016.95,505.6,Airport Parking (£95) + Airport Lounge (£72) + Sunny Spend FX Card
PKG-HT-227,Cruise & Stay,"Paphos, Cyprus",Elysium Beach Resort 5*,London Gatwick / Manchester,10,Year-round warm sunshine; ground-floor garden villas with step-free terrace,VETERAN TIP: Switch to our in-house Vista package here—saves the customer £140 and doubles branch commission with ATOL protection included.,TUI,4965.0,521.32,4825.0,1037.38,516.06,Airport Parking (£95) + Airport Lounge (£72) + Sunny Spend FX Card
PKG-HT-228,Cruise & Stay,"Barbados, Caribbean",P&O Arvia 14N Caribbean Fly-Cruise,London Gatwick / Manchester,7,Mid-ship Conservatory Mini-Suite; direct charter flight from Gatwick,VETERAN TIP: Switch to our in-house Vista package here—saves the customer £140 and doubles branch commission with ATOL protection included.,Jet2holidays,5060.0,531.3,4920.0,1057.8,526.5,Airport Parking (£95) + Airport Lounge (£72) + Sunny Spend FX Card
PKG-HT-229,Family Luxury Beach,"Rhodes, Greece",Atrium Palace Thalasso Spa 5*,London Gatwick / Manchester,10,Calm sheltered Kalathos bay; swim-up family junior suites,VETERAN TIP: Switch to our in-house Vista package here—saves the customer £140 and doubles branch commission with ATOL protection included.,TUI,5155.0,541.27,5015.0,1078.22,536.95,Airport Parking (£95) + Airport Lounge (£72) + Sunny Spend FX Card
PKG-HT-230,Family Beach,"Tenerife, Canary Islands",Iberostar Selection Anthelia 5*,London Gatwick / Manchester,7,Soft dark volcanic sand at Fanabe beach; interconnecting superior rooms,VETERAN TIP: Switch to our in-house Vista package here—saves the customer £140 and doubles branch commission with ATOL protection included.,Jet2holidays,5250.0,551.25,5110.0,1098.65,547.4,Airport Parking (£95) + Airport Lounge (£72) + Sunny Spend FX Card
PKG-HT-231,Family Beach,"Palma Nova, Majorca",Fergus Style Tobago 5*,London Gatwick / Manchester,10,Flat soft-sand bay ideal for toddlers; walk-in shower rooms,VETERAN TIP: Switch to our in-house Vista package here—saves the customer £140 and doubles branch commission with ATOL protection included.,TUI,5345.0,561.23,5205.0,1119.08,557.85,Airport Parking (£95) + Airport Lounge (£72) + Sunny Spend FX Card
PKG-HT-232,Cruise & Stay,"Paphos, Cyprus",Elysium Beach Resort 5*,London Gatwick / Manchester,7,Year-round warm sunshine; ground-floor garden villas with step-free terrace,VETERAN TIP: Switch to our in-house Vista package here—saves the customer £140 and doubles branch commission with ATOL protection included.,Jet2holidays,5440.0,571.2,5300.0,1139.5,568.3,Airport Parking (£95) + Airport Lounge (£72) + Sunny Spend FX Card
PKG-HT-233,Cruise & Stay,"Barbados, Caribbean",P&O Arvia 14N Caribbean Fly-Cruise,London Gatwick / Manchester,10,Mid-ship Conservatory Mini-Suite; direct charter flight from Gatwick,VETERAN TIP: Switch to our in-house Vista package here—saves the customer £140 and doubles branch commission with ATOL protection included.,TUI,5535.0,581.17,5395.0,1159.92,578.75,Airport Parking (£95) + Airport Lounge (£72) + Sunny Spend FX Card
PKG-HT-234,Family Luxury Beach,"Rhodes, Greece",Atrium Palace Thalasso Spa 5*,London Gatwick / Manchester,7,Calm sheltered Kalathos bay; swim-up family junior suites,VETERAN TIP: Switch to our in-house Vista package here—saves the customer £140 and doubles branch commission with ATOL protection included.,Jet2holidays,5630.0,591.15,5490.0,1180.35,589.2,Airport Parking (£95) + Airport Lounge (£72) + Sunny Spend FX Card
PKG-HT-235,Family Beach,"Tenerife, Canary Islands",Iberostar Selection Anthelia 5*,London Gatwick / Manchester,10,Soft dark volcanic sand at Fanabe beach; interconnecting superior rooms,VETERAN TIP: Switch to our in-house Vista package here—saves the customer £140 and doubles branch commission with ATOL protection included.,TUI,5725.0,601.12,5585.0,1200.78,599.66,Airport Parking (£95) + Airport Lounge (£72) + Sunny Spend FX Card
PKG-HT-236,Family Beach,"Palma Nova, Majorca",Fergus Style Tobago 5*,London Gatwick / Manchester,7,Flat soft-sand bay ideal for toddlers; walk-in shower rooms,VETERAN TIP: Switch to our in-house Vista package here—saves the customer £140 and doubles branch commission with ATOL protection included.,Jet2holidays,5820.0,611.1,5680.0,1221.2,610.1,Airport Parking (£95) + Airport Lounge (£72) + Sunny Spend FX Card
PKG-HT-237,Cruise & Stay,"Paphos, Cyprus",Elysium Beach Resort 5*,London Gatwick / Manchester,10,Year-round warm sunshine; ground-floor garden villas with step-free terrace,VETERAN TIP: Switch to our in-house Vista package here—saves the customer £140 and doubles branch commission with ATOL protection included.,TUI,5915.0,621.07,5775.0,1241.62,620.55,Airport Parking (£95) + Airport Lounge (£72) + Sunny Spend FX Card
PKG-HT-238,Cruise & Stay,"Barbados, Caribbean",P&O Arvia 14N Caribbean Fly-Cruise,London Gatwick / Manchester,7,Mid-ship Conservatory Mini-Suite; direct charter flight from Gatwick,VETERAN TIP: Switch to our in-house Vista package here—saves the customer £140 and doubles branch commission with ATOL protection included.,Jet2holidays,6010.0,631.05,5870.0,1262.05,631.0,Airport Parking (£95) + Airport Lounge (£72) + Sunny Spend FX Card
PKG-HT-239,Family Luxury Beach,"Rhodes, Greece",Atrium Palace Thalasso Spa 5*,London Gatwick / Manchester,10,Calm sheltered Kalathos bay; swim-up family junior suites,VETERAN TIP: Switch to our in-house Vista package here—saves the customer £140 and doubles branch commission with ATOL protection included.,TUI,6105.0,641.02,5965.0,1282.47,641.45,Airport Parking (£95) + Airport Lounge (£72) + Sunny Spend FX Card
PKG-HT-240,Family Beach,"Tenerife, Canary Islands",Iberostar Selection Anthelia 5*,London Gatwick / Manchester,7,Soft dark volcanic sand at Fanabe beach; interconnecting superior rooms,VETERAN TIP: Switch to our in-house Vista package here—saves the customer £140 and doubles branch commission with ATOL protection included.,Jet2holidays,6200.0,651.0,6060.0,1302.9,651.9,Airport Parking (£95) + Airport Lounge (£72) + Sunny Spend FX Card
PKG-HT-241,Family Beach,"Palma Nova, Majorca",Fergus Style Tobago 5*,London Gatwick / Manchester,10,Flat soft-sand bay ideal for toddlers; walk-in shower rooms,VETERAN TIP: Switch to our in-house Vista package here—saves the customer £140 and doubles branch commission with ATOL protection included.,TUI,6295.0,660.98,6155.0,1323.33,662.35,Airport Parking (£95) + Airport Lounge (£72) + Sunny Spend FX Card
PKG-HT-242,Cruise & Stay,"Paphos, Cyprus",Elysium Beach Resort 5*,London Gatwick / Manchester,7,Year-round warm sunshine; ground-floor garden villas with step-free terrace,VETERAN TIP: Switch to our in-house Vista package here—saves the customer £140 and doubles branch commission with ATOL protection included.,Jet2holidays,6390.0,670.95,6250.0,1343.75,672.8,Airport Parking (£95) + Airport Lounge (£72) + Sunny Spend FX Card
PKG-HT-243,Cruise & Stay,"Barbados, Caribbean",P&O Arvia 14N Caribbean Fly-Cruise,London Gatwick / Manchester,10,Mid-ship Conservatory Mini-Suite; direct charter flight from Gatwick,VETERAN TIP: Switch to our in-house Vista package here—saves the customer £140 and doubles branch commission with ATOL protection included.,TUI,6485.0,680.92,6345.0,1364.17,683.25,Airport Parking (£95) + Airport Lounge (£72) + Sunny Spend FX Card
PKG-HT-244,Family Luxury Beach,"Rhodes, Greece",Atrium Palace Thalasso Spa 5*,London Gatwick / Manchester,7,Calm sheltered Kalathos bay; swim-up family junior suites,VETERAN TIP: Switch to our in-house Vista package here—saves the customer £140 and doubles branch commission with ATOL protection included.,Jet2holidays,6580.0,690.9,6440.0,1384.6,693.7,Airport Parking (£95) + Airport Lounge (£72) + Sunny Spend FX Card
PKG-HT-245,Family Beach,"Tenerife, Canary Islands",Iberostar Selection Anthelia 5*,London Gatwick / Manchester,10,Soft dark volcanic sand at Fanabe beach; interconnecting superior rooms,VETERAN TIP: Switch to our in-house Vista package here—saves the customer £140 and doubles branch commission with ATOL protection included.,TUI,6675.0,700.88,6535.0,1405.03,704.15,Airport Parking (£95) + Airport Lounge (£72) + Sunny Spend FX Card
PKG-HT-246,Family Beach,"Palma Nova, Majorca",Fergus Style Tobago 5*,London Gatwick / Manchester,7,Flat soft-sand bay ideal for toddlers; walk-in shower rooms,VETERAN TIP: Switch to our in-house Vista package here—saves the customer £140 and doubles branch commission with ATOL protection included.,Jet2holidays,6770.0,710.85,6630.0,1425.45,714.6,Airport Parking (£95) + Airport Lounge (£72) + Sunny Spend FX Card
PKG-HT-247,Cruise & Stay,"Paphos, Cyprus",Elysium Beach Resort 5*,London Gatwick / Manchester,10,Year-round warm sunshine; ground-floor garden villas with step-free terrace,VETERAN TIP: Switch to our in-house Vista package here—saves the customer £140 and doubles branch commission with ATOL protection included.,TUI,6865.0,720.82,6725.0,1445.88,725.06,Airport Parking (£95) + Airport Lounge (£72) + Sunny Spend FX Card
PKG-HT-248,Cruise & Stay,"Barbados, Caribbean",P&O Arvia 14N Caribbean Fly-Cruise,London Gatwick / Manchester,7,Mid-ship Conservatory Mini-Suite; direct charter flight from Gatwick,VETERAN TIP: Switch to our in-house Vista package here—saves the customer £140 and doubles branch commission with ATOL protection included.,Jet2holidays,6960.0,730.8,6820.0,1466.3,735.5,Airport Parking (£95) + Airport Lounge (£72) + Sunny Spend FX Card
PKG-HT-249,Family Luxury Beach,"Rhodes, Greece",Atrium Palace Thalasso Spa 5*,London Gatwick / Manchester,10,Calm sheltered Kalathos bay; swim-up family junior suites,VETERAN TIP: Switch to our in-house Vista package here—saves the customer £140 and doubles branch commission with ATOL protection included.,TUI,7055.0,740.77,6915.0,1486.72,745.95,Airport Parking (£95) + Airport Lounge (£72) + Sunny Spend FX Card
PKG-HT-250,Family Beach,"Tenerife, Canary Islands",Iberostar Selection Anthelia 5*,London Gatwick / Manchester,7,Soft dark volcanic sand at Fanabe beach; interconnecting superior rooms,VETERAN TIP: Switch to our in-house Vista package here—saves the customer £140 and doubles branch commission with ATOL protection included.,Jet2holidays,7150.0,750.75,7010.0,1507.15,756.4,Airport Parking (£95) + Airport Lounge (£72) + Sunny Spend FX Card
