customer_id,branch_name,customer_name,postcode,party_summary,isell_duplicates_merged,lifetime_spend_gbp,past_holidays_summary,room_and_cabin_preferences,sunny_spend_fx_status,holiday_extras_notes,open_quote_status
CUST-101,Maidenhead,David & Sarah Henderson,SL6 1QN,"2 Adults (Ages 58, 56)",4,28450.0,"2025: P&O Iona Norwegian Fjords (£4,850) | 2024: Jet2 Tenerife Costa Adeje (£3,900) | 2023: Princess Mediterranean (£5,400)",Mid-ship Balcony cabin near lifts (no lifeboat obstruction); gluten-free dining; 5-star quiet hotel for pre/post cruise stay,"Eligible — Recommend £1,200 Euro Load on Sunny Spend Card",Always adds Gatwick North Meet & Greet Parking (£98) + No1 Lounge (£76),Walk-In Today: Asking about P&O Arvia 14N Canary Islands Cruise B629C (Quote QT-MAID-901)
CUST-102,Maidenhead,Emma & Tom Miller,SL6 8AA,"2 Adults + 2 Children (Ages 9, 6)",3,14200.0,"2025: Jet2 Majorca Alcudia (£3,400) | 2024: easyJet Algarve (£3,100)",Wide soft-sand beach (NOT stony like Marbella); guaranteed interconnecting family rooms; kids splash park; nut-free allergy note,Active Sunny Spend Cardholder — Recommend €800 Top-Up,Needs Heathrow or Gatwick Family Fast-Track Security + Meet & Greet Parking,"Walk-In Today: Wants warm Spain family beach resort with soft sand under £3,500 (Quote QT-MAID-902)"
CUST-103,Maidenhead,Margaret & Arthur Pendelton,SL6 3DP,"2 Senior Adults (Ages 74, 76)",3,22800.0,"2025: P&O Arcadia Canary Islands (£5,100) | 2024: Fred Olsen Bergen (£4,600)",Accessible wet-room cabin with 68cm+ doorway width for collapsible mobility scooter; Southampton no-fly departure only,Active Sunny Spend Cardholder (£600 balance),Requires CPS Southampton Port Valet Parking + Mobility Assistance,Walk-In Today: Checking accessible cabin doorway width on P&O Iona Fjords (Quote QT-MAID-903)
CUST-104,Maidenhead,Priya & Raj Patel,SL6 4BT,2 Adults + 1 Teen (Age 14),2,18900.0,"2025: TUI Rhodes Lindos (£4,750) | 2024: Emirates Dubai Jumeirah (£6,200)",Swim-up suite or private pool access; halal/vegetarian fine dining options; direct flights from Heathrow or Gatwick,"Eligible — Recommend £1,500 Currency Load",Prefers Airport Lounge access + Private Resort Transfers,Quote Pending Follow-Up: 10N Halkidiki Deluxe Family Escape (Quote QT-MAID-904)
CUST-105,Maidenhead,Liam & Chloe O'Connor,SL6 7RX,"2 Adults (Couple, Ages 32, 31)",5,16400.0,"2025: Virgin Voyages Greek Glow (£4,900) | 2024: Jet2 Ibiza Santa Eulalia (£2,800)",Adults-only boutique hotel or modern balcony cabin; late dining; beachfront infinity pool,Eligible — Recommend Sunny Spend Card for USD/EUR,Gatwick Express or North Terminal Lounge,Check-In Monday Due: Departing next week to Lanzarote (Quote QT-MAID-905)
CUST-106,Newcastle,Oliver & Sophie Thompson,SR1 7BG,"2 Adults + 2 Kids (Ages 7, 4)",4,8963.0,"2025: Mediterranean Beach (£4,033) | 2024: Canary Islands Winter Sun (£3,137)",Sea-view balcony or family interconnecting room; close to beach and restaurants,Active Sunny Spend Cardholder,Airport Parking + Fast-Track Security recommended,Repeat Branch Customer — Ready for Autumn/Winter Sun Consultation
CUST-107,Maidenhead,William & Grace Davies,SL6 8AH,2 Senior Adults,5,9373.5,"2025: Mediterranean Beach (£4,218) | 2024: Canary Islands Winter Sun (£3,281)",Sea-view balcony or family interconnecting room; close to beach and restaurants,Eligible — Recommend Sunny Spend FX Card,Airport Parking + Fast-Track Security recommended,Repeat Branch Customer — Ready for Autumn/Winter Sun Consultation
CUST-108,Maidenhead,Daniel & Hannah Evans,SL6 9AI,2 Adults + 1 Child (Age 10),2,9784.0,"2025: Mediterranean Beach (£4,403) | 2024: Canary Islands Winter Sun (£3,424)",Sea-view balcony or family interconnecting room; close to beach and restaurants,Active Sunny Spend Cardholder,Airport Parking + Fast-Track Security recommended,Repeat Branch Customer — Ready for Autumn/Winter Sun Consultation
CUST-109,Maidenhead,Matthew & Lucy Wilson,SL6 1AJ,2 Adults (Couple),3,10194.5,"2025: Mediterranean Beach (£4,588) | 2024: Canary Islands Winter Sun (£3,568)",Sea-view balcony or family interconnecting room; close to beach and restaurants,Eligible — Recommend Sunny Spend FX Card,Airport Parking + Fast-Track Security recommended,Repeat Branch Customer — Ready for Autumn/Winter Sun Consultation
CUST-110,Sunderland,James & Helen Roberts,SR1 2BK,2 Adults,4,10605.0,"2025: Mediterranean Beach (£4,772) | 2024: Canary Islands Winter Sun (£3,712)",Sea-view balcony or family interconnecting room; close to beach and restaurants,Active Sunny Spend Cardholder,Airport Parking + Fast-Track Security recommended,Repeat Branch Customer — Ready for Autumn/Winter Sun Consultation
CUST-111,Bournemouth,Oliver & Sophie Johnson,SR1 3BL,"2 Adults + 2 Kids (Ages 7, 4)",5,11015.5,"2025: Mediterranean Beach (£4,957) | 2024: Canary Islands Winter Sun (£3,855)",Sea-view balcony or family interconnecting room; close to beach and restaurants,Eligible — Recommend Sunny Spend FX Card,Airport Parking + Fast-Track Security recommended,Repeat Branch Customer — Ready for Autumn/Winter Sun Consultation
CUST-112,Leeds,William & Grace Walker,SR1 4BM,2 Senior Adults,2,11426.0,"2025: Mediterranean Beach (£5,142) | 2024: Canary Islands Winter Sun (£3,999)",Sea-view balcony or family interconnecting room; close to beach and restaurants,Active Sunny Spend Cardholder,Airport Parking + Fast-Track Security recommended,Repeat Branch Customer — Ready for Autumn/Winter Sun Consultation
CUST-113,Newcastle,Daniel & Hannah Wright,SR1 5BN,2 Adults + 1 Child (Age 10),3,11836.5,"2025: Mediterranean Beach (£5,326) | 2024: Canary Islands Winter Sun (£4,143)",Sea-view balcony or family interconnecting room; close to beach and restaurants,Eligible — Recommend Sunny Spend FX Card,Airport Parking + Fast-Track Security recommended,Repeat Branch Customer — Ready for Autumn/Winter Sun Consultation
CUST-114,Maidenhead,Matthew & Lucy Robinson,SL6 6AO,2 Adults (Couple),4,12247.0,"2025: Mediterranean Beach (£5,511) | 2024: Canary Islands Winter Sun (£4,286)",Sea-view balcony or family interconnecting room; close to beach and restaurants,Active Sunny Spend Cardholder,Airport Parking + Fast-Track Security recommended,Repeat Branch Customer — Ready for Autumn/Winter Sun Consultation
CUST-115,Maidenhead,James & Helen Hall,SL6 7AP,2 Adults,5,12657.5,"2025: Mediterranean Beach (£5,696) | 2024: Canary Islands Winter Sun (£4,430)",Sea-view balcony or family interconnecting room; close to beach and restaurants,Eligible — Recommend Sunny Spend FX Card,Airport Parking + Fast-Track Security recommended,Repeat Branch Customer — Ready for Autumn/Winter Sun Consultation
CUST-116,Maidenhead,Oliver & Sophie Green,SL6 8AQ,"2 Adults + 2 Kids (Ages 7, 4)",2,13068.0,"2025: Mediterranean Beach (£5,881) | 2024: Canary Islands Winter Sun (£4,574)",Sea-view balcony or family interconnecting room; close to beach and restaurants,Active Sunny Spend Cardholder,Airport Parking + Fast-Track Security recommended,Repeat Branch Customer — Ready for Autumn/Winter Sun Consultation
CUST-117,Sunderland,William & Grace Lewis,SR1 9BR,2 Senior Adults,3,13478.5,"2025: Mediterranean Beach (£6,065) | 2024: Canary Islands Winter Sun (£4,717)",Sea-view balcony or family interconnecting room; close to beach and restaurants,Eligible — Recommend Sunny Spend FX Card,Airport Parking + Fast-Track Security recommended,Repeat Branch Customer — Ready for Autumn/Winter Sun Consultation
CUST-118,Bournemouth,Daniel & Hannah Harris,SR1 1BS,2 Adults + 1 Child (Age 10),4,13889.0,"2025: Mediterranean Beach (£6,250) | 2024: Canary Islands Winter Sun (£4,861)",Sea-view balcony or family interconnecting room; close to beach and restaurants,Active Sunny Spend Cardholder,Airport Parking + Fast-Track Security recommended,Repeat Branch Customer — Ready for Autumn/Winter Sun Consultation
CUST-119,Leeds,Matthew & Lucy Clarke,SR1 2BT,2 Adults (Couple),5,14299.5,"2025: Mediterranean Beach (£6,435) | 2024: Canary Islands Winter Sun (£5,005)",Sea-view balcony or family interconnecting room; close to beach and restaurants,Eligible — Recommend Sunny Spend FX Card,Airport Parking + Fast-Track Security recommended,Repeat Branch Customer — Ready for Autumn/Winter Sun Consultation
CUST-120,Newcastle,James & Helen Jackson,SR1 3BA,2 Adults,2,14710.0,"2025: Mediterranean Beach (£6,620) | 2024: Canary Islands Winter Sun (£5,148)",Sea-view balcony or family interconnecting room; close to beach and restaurants,Active Sunny Spend Cardholder,Airport Parking + Fast-Track Security recommended,Repeat Branch Customer — Ready for Autumn/Winter Sun Consultation
CUST-121,Maidenhead,Oliver & Sophie Wood,SL6 4AB,"2 Adults + 2 Kids (Ages 7, 4)",3,15120.5,"2025: Mediterranean Beach (£6,804) | 2024: Canary Islands Winter Sun (£5,292)",Sea-view balcony or family interconnecting room; close to beach and restaurants,Eligible — Recommend Sunny Spend FX Card,Airport Parking + Fast-Track Security recommended,Repeat Branch Customer — Ready for Autumn/Winter Sun Consultation
CUST-122,Maidenhead,William & Grace Turner,SL6 5AC,2 Senior Adults,4,15531.0,"2025: Mediterranean Beach (£6,989) | 2024: Canary Islands Winter Sun (£5,436)",Sea-view balcony or family interconnecting room; close to beach and restaurants,Active Sunny Spend Cardholder,Airport Parking + Fast-Track Security recommended,Repeat Branch Customer — Ready for Autumn/Winter Sun Consultation
CUST-123,Maidenhead,Daniel & Hannah Martin,SL6 6AD,2 Adults + 1 Child (Age 10),5,15941.5,"2025: Mediterranean Beach (£7,174) | 2024: Canary Islands Winter Sun (£5,580)",Sea-view balcony or family interconnecting room; close to beach and restaurants,Eligible — Recommend Sunny Spend FX Card,Airport Parking + Fast-Track Security recommended,Repeat Branch Customer — Ready for Autumn/Winter Sun Consultation
CUST-124,Sunderland,Matthew & Lucy Cooper,SR1 7BE,2 Adults (Couple),2,16352.0,"2025: Mediterranean Beach (£7,358) | 2024: Canary Islands Winter Sun (£5,723)",Sea-view balcony or family interconnecting room; close to beach and restaurants,Active Sunny Spend Cardholder,Airport Parking + Fast-Track Security recommended,Repeat Branch Customer — Ready for Autumn/Winter Sun Consultation
CUST-125,Bournemouth,James & Helen Hill,SR1 8BF,2 Adults,3,16762.5,"2025: Mediterranean Beach (£7,543) | 2024: Canary Islands Winter Sun (£5,867)",Sea-view balcony or family interconnecting room; close to beach and restaurants,Eligible — Recommend Sunny Spend FX Card,Airport Parking + Fast-Track Security recommended,Repeat Branch Customer — Ready for Autumn/Winter Sun Consultation
CUST-126,Leeds,Oliver & Sophie Ward,SR1 9BG,"2 Adults + 2 Kids (Ages 7, 4)",4,17173.0,"2025: Mediterranean Beach (£7,728) | 2024: Canary Islands Winter Sun (£6,011)",Sea-view balcony or family interconnecting room; close to beach and restaurants,Active Sunny Spend Cardholder,Airport Parking + Fast-Track Security recommended,Repeat Branch Customer — Ready for Autumn/Winter Sun Consultation
CUST-127,Newcastle,William & Grace Moore,SR1 1BH,2 Senior Adults,5,17583.5,"2025: Mediterranean Beach (£7,913) | 2024: Canary Islands Winter Sun (£6,154)",Sea-view balcony or family interconnecting room; close to beach and restaurants,Eligible — Recommend Sunny Spend FX Card,Airport Parking + Fast-Track Security recommended,Repeat Branch Customer — Ready for Autumn/Winter Sun Consultation
CUST-128,Maidenhead,Daniel & Hannah King,SL6 2AI,2 Adults + 1 Child (Age 10),2,17994.0,"2025: Mediterranean Beach (£8,097) | 2024: Canary Islands Winter Sun (£6,298)",Sea-view balcony or family interconnecting room; close to beach and restaurants,Active Sunny Spend Cardholder,Airport Parking + Fast-Track Security recommended,Repeat Branch Customer — Ready for Autumn/Winter Sun Consultation
CUST-129,Maidenhead,Matthew & Lucy Watson,SL6 3AJ,2 Adults (Couple),3,18404.5,"2025: Mediterranean Beach (£8,282) | 2024: Canary Islands Winter Sun (£6,442)",Sea-view balcony or family interconnecting room; close to beach and restaurants,Eligible — Recommend Sunny Spend FX Card,Airport Parking + Fast-Track Security recommended,Repeat Branch Customer — Ready for Autumn/Winter Sun Consultation
CUST-130,Maidenhead,James & Helen Baker,SL6 4AK,2 Adults,4,18815.0,"2025: Mediterranean Beach (£8,467) | 2024: Canary Islands Winter Sun (£6,585)",Sea-view balcony or family interconnecting room; close to beach and restaurants,Active Sunny Spend Cardholder,Airport Parking + Fast-Track Security recommended,Repeat Branch Customer — Ready for Autumn/Winter Sun Consultation
CUST-131,Sunderland,Oliver & Sophie Harrison,SR1 5BL,"2 Adults + 2 Kids (Ages 7, 4)",5,19225.5,"2025: Mediterranean Beach (£8,651) | 2024: Canary Islands Winter Sun (£6,729)",Sea-view balcony or family interconnecting room; close to beach and restaurants,Eligible — Recommend Sunny Spend FX Card,Airport Parking + Fast-Track Security recommended,Repeat Branch Customer — Ready for Autumn/Winter Sun Consultation
CUST-132,Bournemouth,William & Grace Morgan,SR1 6BM,2 Senior Adults,2,19636.0,"2025: Mediterranean Beach (£8,836) | 2024: Canary Islands Winter Sun (£6,873)",Sea-view balcony or family interconnecting room; close to beach and restaurants,Active Sunny Spend Cardholder,Airport Parking + Fast-Track Security recommended,Repeat Branch Customer — Ready for Autumn/Winter Sun Consultation
CUST-133,Leeds,Daniel & Hannah Paterson,SR1 7BN,2 Adults + 1 Child (Age 10),3,20046.5,"2025: Mediterranean Beach (£9,021) | 2024: Canary Islands Winter Sun (£7,016)",Sea-view balcony or family interconnecting room; close to beach and restaurants,Eligible — Recommend Sunny Spend FX Card,Airport Parking + Fast-Track Security recommended,Repeat Branch Customer — Ready for Autumn/Winter Sun Consultation
CUST-134,Newcastle,Matthew & Lucy Young,SR1 8BO,2 Adults (Couple),4,20457.0,"2025: Mediterranean Beach (£9,206) | 2024: Canary Islands Winter Sun (£7,160)",Sea-view balcony or family interconnecting room; close to beach and restaurants,Active Sunny Spend Cardholder,Airport Parking + Fast-Track Security recommended,Repeat Branch Customer — Ready for Autumn/Winter Sun Consultation
CUST-135,Maidenhead,James & Helen Allen,SL6 9AP,2 Adults,5,20867.5,"2025: Mediterranean Beach (£9,390) | 2024: Canary Islands Winter Sun (£7,304)",Sea-view balcony or family interconnecting room; close to beach and restaurants,Eligible — Recommend Sunny Spend FX Card,Airport Parking + Fast-Track Security recommended,Repeat Branch Customer — Ready for Autumn/Winter Sun Consultation
CUST-136,Maidenhead,Oliver & Sophie Mitchell,SL6 1AQ,"2 Adults + 2 Kids (Ages 7, 4)",2,21278.0,"2025: Mediterranean Beach (£9,575) | 2024: Canary Islands Winter Sun (£7,447)",Sea-view balcony or family interconnecting room; close to beach and restaurants,Active Sunny Spend Cardholder,Airport Parking + Fast-Track Security recommended,Repeat Branch Customer — Ready for Autumn/Winter Sun Consultation
CUST-137,Maidenhead,William & Grace Bell,SL6 2AR,2 Senior Adults,3,21688.5,"2025: Mediterranean Beach (£9,760) | 2024: Canary Islands Winter Sun (£7,591)",Sea-view balcony or family interconnecting room; close to beach and restaurants,Eligible — Recommend Sunny Spend FX Card,Airport Parking + Fast-Track Security recommended,Repeat Branch Customer — Ready for Autumn/Winter Sun Consultation
CUST-138,Sunderland,Daniel & Hannah Scott,SR1 3BS,2 Adults + 1 Child (Age 10),4,22099.0,"2025: Mediterranean Beach (£9,945) | 2024: Canary Islands Winter Sun (£7,735)",Sea-view balcony or family interconnecting room; close to beach and restaurants,Active Sunny Spend Cardholder,Airport Parking + Fast-Track Security recommended,Repeat Branch Customer — Ready for Autumn/Winter Sun Consultation
CUST-139,Bournemouth,Matthew & Lucy Bennett,SR1 4BT,2 Adults (Couple),5,22509.5,"2025: Mediterranean Beach (£10,129) | 2024: Canary Islands Winter Sun (£7,878)",Sea-view balcony or family interconnecting room; close to beach and restaurants,Eligible — Recommend Sunny Spend FX Card,Airport Parking + Fast-Track Security recommended,Repeat Branch Customer — Ready for Autumn/Winter Sun Consultation
CUST-140,Leeds,James & Helen Gray,SR1 5BA,2 Adults,2,22920.0,"2025: Mediterranean Beach (£10,314) | 2024: Canary Islands Winter Sun (£8,022)",Sea-view balcony or family interconnecting room; close to beach and restaurants,Active Sunny Spend Cardholder,Airport Parking + Fast-Track Security recommended,Repeat Branch Customer — Ready for Autumn/Winter Sun Consultation
CUST-141,Newcastle,Oliver & Sophie Price,SR1 6BB,"2 Adults + 2 Kids (Ages 7, 4)",3,23330.5,"2025: Mediterranean Beach (£10,499) | 2024: Canary Islands Winter Sun (£8,166)",Sea-view balcony or family interconnecting room; close to beach and restaurants,Eligible — Recommend Sunny Spend FX Card,Airport Parking + Fast-Track Security recommended,Repeat Branch Customer — Ready for Autumn/Winter Sun Consultation
CUST-142,Maidenhead,William & Grace Cook,SL6 7AC,2 Senior Adults,4,23741.0,"2025: Mediterranean Beach (£10,683) | 2024: Canary Islands Winter Sun (£8,309)",Sea-view balcony or family interconnecting room; close to beach and restaurants,Active Sunny Spend Cardholder,Airport Parking + Fast-Track Security recommended,Repeat Branch Customer — Ready for Autumn/Winter Sun Consultation
CUST-143,Maidenhead,Daniel & Hannah Carter,SL6 8AD,2 Adults + 1 Child (Age 10),5,24151.5,"2025: Mediterranean Beach (£10,868) | 2024: Canary Islands Winter Sun (£8,453)",Sea-view balcony or family interconnecting room; close to beach and restaurants,Eligible — Recommend Sunny Spend FX Card,Airport Parking + Fast-Track Security recommended,Repeat Branch Customer — Ready for Autumn/Winter Sun Consultation
CUST-144,Maidenhead,Matthew & Lucy Foster,SL6 9AE,2 Adults (Couple),2,24562.0,"2025: Mediterranean Beach (£11,053) | 2024: Canary Islands Winter Sun (£8,597)",Sea-view balcony or family interconnecting room; close to beach and restaurants,Active Sunny Spend Cardholder,Airport Parking + Fast-Track Security recommended,Repeat Branch Customer — Ready for Autumn/Winter Sun Consultation
CUST-145,Sunderland,James & Helen Simpson,SR1 1BF,2 Adults,3,24972.5,"2025: Mediterranean Beach (£11,238) | 2024: Canary Islands Winter Sun (£8,740)",Sea-view balcony or family interconnecting room; close to beach and restaurants,Eligible — Recommend Sunny Spend FX Card,Airport Parking + Fast-Track Security recommended,Repeat Branch Customer — Ready for Autumn/Winter Sun Consultation
CUST-146,Bournemouth,Oliver & Sophie Richardson,SR1 2BG,"2 Adults + 2 Kids (Ages 7, 4)",4,25383.0,"2025: Mediterranean Beach (£11,422) | 2024: Canary Islands Winter Sun (£8,884)",Sea-view balcony or family interconnecting room; close to beach and restaurants,Active Sunny Spend Cardholder,Airport Parking + Fast-Track Security recommended,Repeat Branch Customer — Ready for Autumn/Winter Sun Consultation
CUST-147,Leeds,William & Grace Cox,SR1 3BH,2 Senior Adults,5,25793.5,"2025: Mediterranean Beach (£11,607) | 2024: Canary Islands Winter Sun (£9,028)",Sea-view balcony or family interconnecting room; close to beach and restaurants,Eligible — Recommend Sunny Spend FX Card,Airport Parking + Fast-Track Security recommended,Repeat Branch Customer — Ready for Autumn/Winter Sun Consultation
CUST-148,Newcastle,Daniel & Hannah Howard,SR1 4BI,2 Adults + 1 Child (Age 10),2,26204.0,"2025: Mediterranean Beach (£11,792) | 2024: Canary Islands Winter Sun (£9,171)",Sea-view balcony or family interconnecting room; close to beach and restaurants,Active Sunny Spend Cardholder,Airport Parking + Fast-Track Security recommended,Repeat Branch Customer — Ready for Autumn/Winter Sun Consultation
CUST-149,Maidenhead,Matthew & Lucy Wardle,SL6 5AJ,2 Adults (Couple),3,26614.5,"2025: Mediterranean Beach (£11,977) | 2024: Canary Islands Winter Sun (£9,315)",Sea-view balcony or family interconnecting room; close to beach and restaurants,Eligible — Recommend Sunny Spend FX Card,Airport Parking + Fast-Track Security recommended,Repeat Branch Customer — Ready for Autumn/Winter Sun Consultation
CUST-150,Maidenhead,James & Helen Brooks,SL6 6AK,2 Adults,4,27025.0,"2025: Mediterranean Beach (£12,161) | 2024: Canary Islands Winter Sun (£9,459)",Sea-view balcony or family interconnecting room; close to beach and restaurants,Active Sunny Spend Cardholder,Airport Parking + Fast-Track Security recommended,Repeat Branch Customer — Ready for Autumn/Winter Sun Consultation
